projectDescriptionID,releaseFishID,releaseID,nMarked,forkLength,weight
9,1,259,1,64,NA
9,2,1,1,NA,NA
9,3,256,1,NA,NA
9,4,258,1,57,NA
9,5,262,1,NA,NA
9,6,259,1,60,NA
9,7,259,1,58,NA
9,8,259,1,64,NA
9,9,259,1,63,NA
9,10,259,1,68,NA
9,11,259,1,66,NA
9,12,259,1,63,NA
9,13,259,1,63,NA
9,14,259,1,58,NA
9,15,259,1,71,NA
9,16,259,1,66,NA
9,17,259,1,70,NA
9,18,259,1,65,NA
9,19,259,1,66,NA
9,20,259,1,69,NA
9,21,259,1,73,NA
9,22,259,1,65,NA
9,23,259,1,57,NA
9,24,259,1,73,NA
9,25,259,1,74,NA
9,26,259,1,67,NA
9,27,259,1,64,NA
9,28,259,1,66,NA
9,29,259,1,69,NA
9,30,259,1,62,NA
9,31,259,1,59,NA
9,32,259,1,67,NA
9,33,259,1,59,NA
9,34,259,1,72,NA
9,35,259,1,66,NA
9,36,259,1,59,NA
9,37,259,1,73,NA
9,38,259,1,65,NA
9,39,259,1,71,NA
9,40,259,1,59,NA
9,41,259,1,68,NA
9,42,259,1,67,NA
9,43,259,1,70,NA
9,44,259,1,56,NA
9,45,259,1,63,NA
9,46,259,1,67,NA
9,47,259,1,73,NA
9,48,259,1,68,NA
9,49,259,1,64,NA
9,50,259,1,64,NA
9,51,259,1,69,NA
9,52,259,1,73,NA
9,53,259,1,75,NA
9,54,259,1,61,NA
9,55,259,1,66,NA
9,56,259,1,73,NA
9,57,259,1,67,NA
9,58,259,1,73,NA
9,59,259,1,68,NA
9,60,259,1,68,NA
9,61,259,1,55,NA
9,62,259,1,64,NA
9,63,259,1,72,NA
9,64,259,1,68,NA
9,65,259,1,68,NA
9,66,259,1,67,NA
9,67,259,1,76,NA
9,68,259,1,66,NA
9,69,259,1,67,NA
9,70,259,1,69,NA
9,71,259,1,68,NA
9,72,259,1,66,NA
9,73,259,1,73,NA
9,74,259,1,72,NA
9,75,259,1,65,NA
9,76,259,1,71,NA
9,77,259,1,63,NA
9,78,259,1,66,NA
9,79,259,1,61,NA
9,80,259,1,67,NA
9,81,259,1,67,NA
9,82,259,1,66,NA
9,83,259,1,69,NA
9,84,259,1,67,NA
9,85,259,1,63,NA
9,86,259,1,63,NA
9,87,259,1,63,NA
9,88,259,1,64,NA
9,89,259,1,71,NA
9,90,259,1,56,NA
9,91,259,1,75,NA
9,92,259,1,70,NA
9,93,259,1,65,NA
9,94,259,1,63,NA
9,95,259,1,65,NA
9,96,259,1,71,NA
9,97,259,1,68,NA
9,98,259,1,56,NA
9,99,259,1,68,NA
9,100,259,1,66,NA
9,101,259,1,63,NA
9,102,259,1,68,NA
9,103,259,1,78,NA
9,104,259,1,65,NA
9,105,259,1,72,NA
9,106,259,1,72,NA
9,107,259,1,70,NA
9,108,259,1,67,NA
9,109,259,1,61,NA
9,110,259,1,68,NA
9,111,259,1,70,NA
9,112,259,1,62,NA
9,113,259,1,64,NA
9,114,259,1,68,NA
9,115,259,1,60,NA
9,116,259,1,67,NA
9,117,259,1,64,NA
9,118,259,1,71,NA
9,119,259,1,66,NA
9,120,259,1,63,NA
9,121,259,1,66,NA
9,122,259,1,71,NA
9,123,259,1,75,NA
9,124,259,1,60,NA
9,125,259,1,58,NA
9,126,259,1,82,NA
9,127,259,1,56,NA
9,128,259,1,60,NA
9,129,259,1,62,NA
9,130,259,1,75,NA
9,131,259,1,62,NA
9,132,259,1,58,NA
9,133,259,1,64,NA
9,134,259,1,62,NA
9,135,259,1,69,NA
9,136,259,1,73,NA
9,137,259,1,63,NA
9,138,259,1,70,NA
9,139,259,1,68,NA
9,140,259,1,66,NA
9,141,259,1,64,NA
9,142,259,1,72,NA
9,143,259,1,70,NA
9,144,259,1,73,NA
9,145,259,1,62,NA
9,146,259,1,61,NA
9,147,259,1,68,NA
9,148,259,1,71,NA
9,149,259,1,64,NA
9,150,259,1,72,NA
9,151,259,1,71,NA
9,152,259,1,60,NA
9,153,259,1,66,NA
9,154,259,1,68,NA
9,155,258,1,58,NA
9,156,258,1,63,NA
9,157,258,1,54,NA
9,158,258,1,56,NA
9,159,258,1,58,NA
9,160,258,1,57,NA
9,161,258,1,58,NA
9,162,258,1,59,NA
9,163,258,1,56,NA
9,164,258,1,59,NA
9,165,258,1,52,NA
9,166,258,1,57,NA
9,167,258,1,57,NA
9,168,258,1,56,NA
9,169,258,1,62,NA
9,170,258,1,61,NA
9,171,258,1,54,NA
9,172,258,1,61,NA
9,173,258,1,61,NA
9,174,258,1,52,NA
9,175,258,1,54,NA
9,176,258,1,62,NA
9,177,258,1,56,NA
9,178,258,1,55,NA
9,179,258,1,55,NA
9,180,258,1,73,NA
9,181,258,1,56,NA
9,182,258,1,61,NA
9,183,258,1,62,NA
9,184,258,1,59,NA
9,185,258,1,56,NA
9,186,258,1,55,NA
9,187,258,1,57,NA
9,188,258,1,61,NA
9,189,258,1,60,NA
9,190,258,1,60,NA
9,191,258,1,58,NA
9,192,258,1,59,NA
9,193,258,1,59,NA
9,194,258,1,56,NA
9,195,258,1,54,NA
9,196,258,1,66,NA
9,197,258,1,60,NA
9,198,258,1,62,NA
9,199,258,1,58,NA
9,200,258,1,60,NA
9,201,258,1,56,NA
9,202,258,1,58,NA
9,203,258,1,59,NA
9,204,258,1,60,NA
9,205,258,1,61,NA
9,206,258,1,58,NA
9,207,258,1,62,NA
9,208,258,1,54,NA
9,209,258,1,60,NA
9,210,258,1,65,NA
9,211,258,1,57,NA
9,212,258,1,54,NA
9,213,258,1,58,NA
9,214,258,1,59,NA
9,215,258,1,46,NA
9,216,258,1,65,NA
9,217,258,1,59,NA
9,218,258,1,63,NA
9,219,258,1,62,NA
9,220,258,1,56,NA
9,221,258,1,57,NA
9,222,258,1,64,NA
9,223,258,1,60,NA
9,224,258,1,48,NA
9,225,258,1,56,NA
9,226,258,1,62,NA
9,227,258,1,61,NA
9,228,258,1,65,NA
9,229,258,1,58,NA
9,230,258,1,62,NA
9,231,258,1,54,NA
9,232,258,1,61,NA
9,233,258,1,59,NA
9,234,258,1,53,NA
9,235,258,1,57,NA
9,236,258,1,59,NA
9,237,258,1,57,NA
9,238,258,1,56,NA
9,239,258,1,62,NA
9,240,258,1,62,NA
9,241,258,1,61,NA
9,242,258,1,58,NA
9,243,258,1,63,NA
9,244,258,1,56,NA
9,245,258,1,55,NA
9,246,258,1,55,NA
9,247,258,1,69,NA
9,248,258,1,58,NA
9,249,258,1,61,NA
9,250,258,1,57,NA
9,251,258,1,50,NA
9,252,258,1,62,NA
9,253,258,1,51,NA
9,254,258,1,58,NA
9,255,258,1,63,NA
9,256,258,1,56,NA
9,257,258,1,60,NA
9,258,258,1,54,NA
9,259,258,1,58,NA
9,260,258,1,59,NA
9,261,258,1,53,NA
9,262,258,1,51,NA
9,263,258,1,58,NA
9,264,258,1,56,NA
9,265,258,1,61,NA
9,266,258,1,63,NA
9,267,258,1,51,NA
9,268,258,1,62,NA
9,269,258,1,54,NA
9,270,258,1,48,NA
9,271,258,1,52,NA
9,272,258,1,60,NA
9,273,258,1,55,NA
9,274,258,1,60,NA
9,275,258,1,53,NA
9,276,258,1,48,NA
9,277,258,1,62,NA
9,278,258,1,60,NA
9,279,258,1,64,NA
9,280,258,1,53,NA
9,281,258,1,53,NA
9,282,258,1,59,NA
9,283,258,1,54,NA
9,284,258,1,56,NA
9,285,258,1,57,NA
9,286,258,1,63,NA
9,287,258,1,56,NA
9,288,258,1,61,NA
9,289,258,1,57,NA
9,290,258,1,58,NA
9,291,258,1,56,NA
9,292,258,1,53,NA
9,293,258,1,60,NA
9,294,258,1,58,NA
9,295,258,1,64,NA
9,296,258,1,58,NA
9,297,258,1,55,NA
9,298,258,1,59,NA
9,299,258,1,55,NA
9,300,258,1,59,NA
9,301,258,1,63,NA
9,302,258,1,60,NA
9,303,258,1,61,NA
9,304,270,1,NA,NA
9,305,273,1,49,NA
9,306,273,1,51,NA
9,307,273,1,41,NA
9,308,273,1,54,NA
9,309,273,1,49,NA
9,310,273,1,55,NA
9,311,273,1,47,NA
9,312,273,1,49,NA
9,313,273,1,51,NA
9,314,273,1,48,NA
9,315,273,1,47,NA
9,316,273,1,49,NA
9,317,273,1,47,NA
9,318,273,1,52,NA
9,319,273,1,47,NA
9,320,273,1,50,NA
9,321,273,1,50,NA
9,322,273,1,52,NA
9,323,273,1,49,NA
9,324,273,1,53,NA
9,325,273,1,50,NA
9,326,273,1,52,NA
9,327,273,1,54,NA
9,328,273,1,52,NA
9,329,273,1,51,NA
9,330,273,1,49,NA
9,331,273,1,50,NA
9,332,273,1,52,NA
9,333,273,1,50,NA
9,334,273,1,49,NA
9,335,273,1,56,NA
9,336,273,1,51,NA
9,337,273,1,51,NA
9,338,273,1,50,NA
9,339,273,1,51,NA
9,340,273,1,47,NA
9,341,273,1,49,NA
9,342,273,1,51,NA
9,343,273,1,49,NA
9,344,273,1,49,NA
9,345,273,1,48,NA
9,346,273,1,50,NA
9,347,273,1,50,NA
9,348,273,1,46,NA
9,349,273,1,51,NA
9,350,273,1,54,NA
9,351,273,1,50,NA
9,352,273,1,48,NA
9,353,273,1,53,NA
9,354,273,1,52,NA
9,355,273,1,46,NA
9,356,273,1,51,NA
9,357,273,1,52,NA
9,358,273,1,48,NA
9,359,273,1,49,NA
9,360,273,1,44,NA
9,361,273,1,51,NA
9,362,273,1,49,NA
9,363,273,1,49,NA
9,364,273,1,52,NA
9,365,273,1,49,NA
9,366,273,1,52,NA
9,367,273,1,50,NA
9,368,273,1,49,NA
9,369,273,1,48,NA
9,370,273,1,51,NA
9,371,273,1,48,NA
9,372,273,1,50,NA
9,373,273,1,51,NA
9,374,273,1,52,NA
9,375,273,1,46,NA
9,376,273,1,48,NA
9,377,273,1,49,NA
9,378,273,1,51,NA
9,379,273,1,50,NA
9,380,273,1,48,NA
9,381,273,1,48,NA
9,382,273,1,52,NA
9,383,273,1,52,NA
9,384,273,1,50,NA
9,385,273,1,49,NA
9,386,273,1,50,NA
9,387,273,1,45,NA
9,388,273,1,47,NA
9,389,273,1,50,NA
9,390,273,1,48,NA
9,391,273,1,46,NA
9,392,273,1,53,NA
9,393,273,1,51,NA
9,394,273,1,52,NA
9,395,273,1,49,NA
9,396,273,1,53,NA
9,397,273,1,52,NA
9,398,273,1,50,NA
9,399,273,1,51,NA
9,400,273,1,50,NA
9,401,273,1,49,NA
9,402,273,1,50,NA
9,403,273,1,51,NA
9,404,273,1,51,NA
9,405,274,1,51,NA
9,406,274,1,53,NA
9,407,274,1,52,NA
9,408,274,1,57,NA
9,409,274,1,54,NA
9,410,274,1,56,NA
9,411,274,1,54,NA
9,412,274,1,53,NA
9,413,274,1,52,NA
9,414,274,1,54,NA
9,415,274,1,57,NA
9,416,274,1,51,NA
9,417,274,1,54,NA
9,418,274,1,59,NA
9,419,274,1,48,NA
9,420,274,1,53,NA
9,421,274,1,55,NA
9,422,274,1,52,NA
9,423,274,1,54,NA
9,424,274,1,58,NA
9,425,274,1,50,NA
9,426,274,1,51,NA
9,427,274,1,55,NA
9,428,274,1,53,NA
9,429,274,1,56,NA
9,430,274,1,55,NA
9,431,274,1,57,NA
9,432,274,1,51,NA
9,433,274,1,55,NA
9,434,274,1,55,NA
9,435,274,1,57,NA
9,436,274,1,56,NA
9,437,274,1,54,NA
9,438,274,1,53,NA
9,439,274,1,50,NA
9,440,274,1,52,NA
9,441,274,1,55,NA
9,442,274,1,57,NA
9,443,274,1,56,NA
9,444,274,1,55,NA
9,445,274,1,56,NA
9,446,274,1,54,NA
9,447,274,1,58,NA
9,448,274,1,56,NA
9,449,274,1,56,NA
9,450,274,1,54,NA
9,451,274,1,59,NA
9,452,274,1,55,NA
9,453,274,1,54,NA
9,454,274,1,55,NA
9,455,274,1,54,NA
9,456,274,1,52,NA
9,457,274,1,50,NA
9,458,274,1,51,NA
9,459,274,1,53,NA
9,460,274,1,54,NA
9,461,274,1,56,NA
9,462,274,1,52,NA
9,463,274,1,52,NA
9,464,274,1,53,NA
9,465,274,1,52,NA
9,466,274,1,57,NA
9,467,274,1,52,NA
9,468,274,1,56,NA
9,469,274,1,53,NA
9,470,274,1,53,NA
9,471,274,1,57,NA
9,472,274,1,54,NA
9,473,274,1,54,NA
9,474,274,1,55,NA
9,475,274,1,54,NA
9,476,274,1,53,NA
9,477,274,1,55,NA
9,478,274,1,55,NA
9,479,274,1,48,NA
9,480,274,1,54,NA
9,481,274,1,53,NA
9,482,274,1,59,NA
9,483,274,1,59,NA
9,484,274,1,56,NA
9,485,274,1,52,NA
9,486,274,1,53,NA
9,487,274,1,54,NA
9,488,274,1,55,NA
9,489,274,1,52,NA
9,490,274,1,56,NA
9,491,274,1,53,NA
9,492,274,1,52,NA
9,493,274,1,54,NA
9,494,274,1,60,NA
9,495,274,1,55,NA
9,496,274,1,54,NA
9,497,274,1,55,NA
9,498,274,1,54,NA
9,499,274,1,54,NA
9,500,274,1,52,NA
9,501,274,1,53,NA
9,502,274,1,51,NA
9,503,274,1,55,NA
9,504,274,1,54,NA
9,505,275,1,56,NA
9,506,275,1,55,NA
9,507,275,1,57,NA
9,508,275,1,57,NA
9,509,275,1,56,NA
9,510,275,1,55,NA
9,511,275,1,53,NA
9,512,275,1,54,NA
9,513,275,1,54,NA
9,514,275,1,55,NA
9,515,275,1,53,NA
9,516,275,1,55,NA
9,517,275,1,53,NA
9,518,275,1,54,NA
9,519,275,1,50,NA
9,520,275,1,55,NA
9,521,275,1,52,NA
9,522,275,1,55,NA
9,523,275,1,54,NA
9,524,275,1,50,NA
9,525,275,1,54,NA
9,526,275,1,53,NA
9,527,275,1,53,NA
9,528,275,1,54,NA
9,529,275,1,54,NA
9,530,275,1,52,NA
9,531,275,1,54,NA
9,532,275,1,55,NA
9,533,275,1,53,NA
9,534,275,1,54,NA
9,535,275,1,52,NA
9,536,275,1,55,NA
9,537,275,1,50,NA
9,538,275,1,53,NA
9,539,275,1,51,NA
9,540,275,1,54,NA
9,541,275,1,50,NA
9,542,275,1,50,NA
9,543,275,1,53,NA
9,544,275,1,56,NA
9,545,275,1,53,NA
9,546,275,1,55,NA
9,547,275,1,54,NA
9,548,275,1,54,NA
9,549,275,1,57,NA
9,550,275,1,57,NA
9,551,275,1,56,NA
9,552,275,1,49,NA
9,553,275,1,50,NA
9,554,275,1,52,NA
9,555,275,1,50,NA
9,556,275,1,52,NA
9,557,275,1,50,NA
9,558,275,1,55,NA
9,559,275,1,56,NA
9,560,275,1,52,NA
9,561,275,1,53,NA
9,562,275,1,54,NA
9,563,275,1,47,NA
9,564,275,1,52,NA
9,565,275,1,51,NA
9,566,275,1,52,NA
9,567,275,1,52,NA
9,568,275,1,53,NA
9,569,275,1,57,NA
9,570,275,1,50,NA
9,571,275,1,52,NA
9,572,275,1,52,NA
9,573,275,1,52,NA
9,574,275,1,56,NA
9,575,275,1,54,NA
9,576,275,1,60,NA
9,577,275,1,53,NA
9,578,275,1,55,NA
9,579,275,1,52,NA
9,580,275,1,53,NA
9,581,275,1,55,NA
9,582,275,1,54,NA
9,583,275,1,50,NA
9,584,275,1,54,NA
9,585,275,1,50,NA
9,586,275,1,54,NA
9,587,275,1,49,NA
9,588,275,1,55,NA
9,589,275,1,51,NA
9,590,275,1,54,NA
9,591,275,1,52,NA
9,592,275,1,57,NA
9,593,275,1,53,NA
9,594,275,1,55,NA
9,595,275,1,56,NA
9,596,275,1,54,NA
9,597,275,1,52,NA
9,598,275,1,54,NA
9,599,275,1,54,NA
9,600,275,1,52,NA
9,601,275,1,54,NA
9,602,275,1,52,NA
9,603,275,1,54,NA
9,604,275,1,53,NA
9,605,276,1,52,NA
9,606,276,1,54,NA
9,607,276,1,50,NA
9,608,276,1,52,NA
9,609,276,1,51,NA
9,610,276,1,54,NA
9,611,276,1,52,NA
9,612,276,1,55,NA
9,613,276,1,54,NA
9,614,276,1,52,NA
9,615,276,1,54,NA
9,616,276,1,50,NA
9,617,276,1,54,NA
9,618,276,1,57,NA
9,619,276,1,52,NA
9,620,276,1,55,NA
9,621,276,1,50,NA
9,622,276,1,53,NA
9,623,276,1,50,NA
9,624,276,1,52,NA
9,625,276,1,57,NA
9,626,276,1,57,NA
9,627,276,1,54,NA
9,628,276,1,54,NA
9,629,276,1,51,NA
9,630,276,1,57,NA
9,631,276,1,49,NA
9,632,276,1,51,NA
9,633,276,1,50,NA
9,634,276,1,51,NA
9,635,276,1,52,NA
9,636,276,1,55,NA
9,637,276,1,51,NA
9,638,276,1,49,NA
9,639,276,1,51,NA
9,640,276,1,50,NA
9,641,276,1,50,NA
9,642,276,1,48,NA
9,643,276,1,52,NA
9,644,276,1,58,NA
9,645,276,1,55,NA
9,646,276,1,52,NA
9,647,276,1,56,NA
9,648,276,1,54,NA
9,649,276,1,57,NA
9,650,276,1,52,NA
9,651,276,1,49,NA
9,652,276,1,48,NA
9,653,276,1,50,NA
9,654,276,1,48,NA
9,655,276,1,55,NA
9,656,276,1,52,NA
9,657,276,1,54,NA
9,658,276,1,48,NA
9,659,276,1,49,NA
9,660,276,1,49,NA
9,661,276,1,51,NA
9,662,276,1,49,NA
9,663,276,1,50,NA
9,664,276,1,47,NA
9,665,276,1,55,NA
9,666,276,1,55,NA
9,667,276,1,54,NA
9,668,276,1,50,NA
9,669,276,1,50,NA
9,670,276,1,53,NA
9,671,276,1,58,NA
9,672,276,1,52,NA
9,673,276,1,54,NA
9,674,276,1,59,NA
9,675,276,1,52,NA
9,676,276,1,50,NA
9,677,276,1,49,NA
9,678,276,1,51,NA
9,679,276,1,53,NA
9,680,276,1,50,NA
9,681,276,1,52,NA
9,682,276,1,52,NA
9,683,276,1,55,NA
9,684,276,1,54,NA
9,685,276,1,55,NA
9,686,276,1,53,NA
9,687,276,1,54,NA
9,688,276,1,49,NA
9,689,276,1,58,NA
9,690,276,1,52,NA
9,691,276,1,57,NA
9,692,276,1,55,NA
9,693,276,1,50,NA
9,694,276,1,53,NA
9,695,276,1,46,NA
9,696,276,1,50,NA
9,697,276,1,50,NA
9,698,276,1,50,NA
9,699,276,1,51,NA
9,700,276,1,51,NA
9,701,276,1,48,NA
9,702,276,1,51,NA
9,703,276,1,49,NA
9,704,276,1,50,NA
9,705,277,1,53,NA
9,706,277,1,55,NA
9,707,277,1,53,NA
9,708,277,1,55,NA
9,709,277,1,53,NA
9,710,277,1,52,NA
9,711,277,1,55,NA
9,712,277,1,55,NA
9,713,277,1,47,NA
9,714,277,1,51,NA
9,715,277,1,50,NA
9,716,277,1,52,NA
9,717,277,1,51,NA
9,718,277,1,52,NA
9,719,277,1,55,NA
9,720,277,1,55,NA
9,721,277,1,47,NA
9,722,277,1,55,NA
9,723,277,1,50,NA
9,724,277,1,51,NA
9,725,277,1,56,NA
9,726,277,1,42,NA
9,727,277,1,50,NA
9,728,277,1,53,NA
9,729,277,1,55,NA
9,730,277,1,57,NA
9,731,277,1,53,NA
9,732,277,1,58,NA
9,733,277,1,55,NA
9,734,277,1,54,NA
9,735,277,1,56,NA
9,736,277,1,55,NA
9,737,277,1,55,NA
9,738,277,1,56,NA
9,739,277,1,49,NA
9,740,277,1,57,NA
9,741,277,1,49,NA
9,742,277,1,56,NA
9,743,277,1,54,NA
9,744,277,1,59,NA
9,745,277,1,54,NA
9,746,277,1,46,NA
9,747,277,1,54,NA
9,748,277,1,53,NA
9,749,277,1,55,NA
9,750,277,1,53,NA
9,751,277,1,52,NA
9,752,277,1,56,NA
9,753,277,1,55,NA
9,754,277,1,57,NA
9,755,277,1,56,NA
9,756,277,1,61,NA
9,757,277,1,50,NA
9,758,277,1,55,NA
9,759,277,1,52,NA
9,760,277,1,55,NA
9,761,277,1,54,NA
9,762,277,1,54,NA
9,763,277,1,54,NA
9,764,277,1,55,NA
9,765,277,1,55,NA
9,766,277,1,60,NA
9,767,277,1,54,NA
9,768,277,1,50,NA
9,769,277,1,51,NA
9,770,277,1,55,NA
9,771,277,1,53,NA
9,772,277,1,53,NA
9,773,277,1,50,NA
9,774,277,1,52,NA
9,775,277,1,46,NA
9,776,277,1,55,NA
9,777,277,1,52,NA
9,778,277,1,55,NA
9,779,277,1,53,NA
9,780,277,1,52,NA
9,781,277,1,50,NA
9,782,277,1,57,NA
9,783,277,1,54,NA
9,784,277,1,60,NA
9,785,277,1,56,NA
9,786,277,1,51,NA
9,787,277,1,50,NA
9,788,277,1,50,NA
9,789,277,1,55,NA
9,790,277,1,56,NA
9,791,277,1,57,NA
9,792,277,1,55,NA
9,793,277,1,54,NA
9,794,277,1,54,NA
9,795,277,1,55,NA
9,796,277,1,57,NA
9,797,277,1,55,NA
9,798,277,1,55,NA
9,799,277,1,56,NA
9,800,277,1,54,NA
9,801,277,1,55,NA
9,802,277,1,55,NA
9,803,277,1,54,NA
9,804,277,1,55,NA
9,805,278,1,54,NA
9,806,278,1,55,NA
9,807,278,1,53,NA
9,808,278,1,56,NA
9,809,278,1,56,NA
9,810,278,1,53,NA
9,811,278,1,55,NA
9,812,278,1,56,NA
9,813,278,1,56,NA
9,814,278,1,54,NA
9,815,278,1,52,NA
9,816,278,1,54,NA
9,817,278,1,52,NA
9,818,278,1,56,NA
9,819,278,1,51,NA
9,820,278,1,55,NA
9,821,278,1,54,NA
9,822,278,1,55,NA
9,823,278,1,53,NA
9,824,278,1,54,NA
9,825,278,1,52,NA
9,826,278,1,53,NA
9,827,278,1,54,NA
9,828,278,1,53,NA
9,829,278,1,54,NA
9,830,278,1,54,NA
9,831,278,1,56,NA
9,832,278,1,53,NA
9,833,278,1,52,NA
9,834,278,1,56,NA
9,835,278,1,53,NA
9,836,278,1,54,NA
9,837,278,1,54,NA
9,838,278,1,52,NA
9,839,278,1,53,NA
9,840,278,1,53,NA
9,841,278,1,56,NA
9,842,278,1,56,NA
9,843,278,1,55,NA
9,844,278,1,54,NA
9,845,278,1,56,NA
9,846,278,1,52,NA
9,847,278,1,56,NA
9,848,278,1,54,NA
9,849,278,1,52,NA
9,850,278,1,52,NA
9,851,278,1,52,NA
9,852,278,1,56,NA
9,853,278,1,54,NA
9,854,278,1,52,NA
9,855,278,1,53,NA
9,856,278,1,54,NA
9,857,278,1,52,NA
9,858,278,1,53,NA
9,859,278,1,56,NA
9,860,278,1,55,NA
9,861,278,1,50,NA
9,862,278,1,55,NA
9,863,278,1,51,NA
9,864,278,1,52,NA
9,865,278,1,53,NA
9,866,278,1,50,NA
9,867,278,1,52,NA
9,868,278,1,50,NA
9,869,278,1,53,NA
9,870,278,1,55,NA
9,871,278,1,54,NA
9,872,278,1,53,NA
9,873,278,1,55,NA
9,874,278,1,49,NA
9,875,278,1,54,NA
9,876,278,1,56,NA
9,877,278,1,53,NA
9,878,278,1,50,NA
9,879,278,1,55,NA
9,880,278,1,54,NA
9,881,278,1,53,NA
9,882,278,1,59,NA
9,883,278,1,56,NA
9,884,278,1,51,NA
9,885,278,1,55,NA
9,886,278,1,57,NA
9,887,278,1,53,NA
9,888,278,1,54,NA
9,889,278,1,56,NA
9,890,278,1,57,NA
9,891,278,1,57,NA
9,892,278,1,54,NA
9,893,278,1,54,NA
9,894,278,1,54,NA
9,895,278,1,56,NA
9,896,278,1,53,NA
9,897,278,1,55,NA
9,898,278,1,55,NA
9,899,278,1,57,NA
9,900,278,1,54,NA
9,901,278,1,50,NA
9,902,278,1,55,NA
9,903,278,1,54,NA
9,904,278,1,52,NA
9,905,279,1,59,NA
9,906,279,1,54,NA
9,907,279,1,55,NA
9,908,279,1,61,NA
9,909,279,1,53,NA
9,910,279,1,60,NA
9,911,279,1,54,NA
9,912,279,1,55,NA
9,913,279,1,65,NA
9,914,279,1,56,NA
9,915,279,1,52,NA
9,916,279,1,65,NA
9,917,279,1,59,NA
9,918,279,1,52,NA
9,919,279,1,58,NA
9,920,279,1,53,NA
9,921,279,1,53,NA
9,922,279,1,54,NA
9,923,279,1,60,NA
9,924,279,1,55,NA
9,925,279,1,57,NA
9,926,279,1,57,NA
9,927,279,1,54,NA
9,928,279,1,55,NA
9,929,279,1,57,NA
9,930,279,1,55,NA
9,931,279,1,56,NA
9,932,279,1,59,NA
9,933,279,1,49,NA
9,934,279,1,56,NA
9,935,279,1,55,NA
9,936,279,1,57,NA
9,937,279,1,51,NA
9,938,279,1,54,NA
9,939,279,1,57,NA
9,940,279,1,55,NA
9,941,279,1,53,NA
9,942,279,1,52,NA
9,943,279,1,54,NA
9,944,279,1,58,NA
9,945,279,1,54,NA
9,946,279,1,55,NA
9,947,279,1,54,NA
9,948,279,1,58,NA
9,949,279,1,55,NA
9,950,279,1,55,NA
9,951,279,1,58,NA
9,952,279,1,54,NA
9,953,279,1,55,NA
9,954,279,1,57,NA
9,955,279,1,54,NA
9,956,279,1,58,NA
9,957,279,1,57,NA
9,958,279,1,55,NA
9,959,279,1,55,NA
9,960,279,1,55,NA
9,961,279,1,58,NA
9,962,279,1,55,NA
9,963,279,1,56,NA
9,964,279,1,55,NA
9,965,279,1,53,NA
9,966,279,1,54,NA
9,967,279,1,59,NA
9,968,279,1,52,NA
9,969,279,1,55,NA
9,970,279,1,56,NA
9,971,279,1,58,NA
9,972,279,1,59,NA
9,973,279,1,52,NA
9,974,279,1,60,NA
9,975,279,1,55,NA
9,976,279,1,55,NA
9,977,279,1,61,NA
9,978,279,1,60,NA
9,979,279,1,53,NA
9,980,279,1,54,NA
9,981,279,1,50,NA
9,982,279,1,55,NA
9,983,279,1,57,NA
9,984,279,1,57,NA
9,985,279,1,53,NA
9,986,279,1,56,NA
9,987,279,1,57,NA
9,988,279,1,53,NA
9,989,279,1,52,NA
9,990,279,1,58,NA
9,991,279,1,52,NA
9,992,279,1,49,NA
9,993,279,1,54,NA
9,994,279,1,56,NA
9,995,279,1,62,NA
9,996,279,1,53,NA
9,997,279,1,52,NA
9,998,279,1,50,NA
9,999,279,1,55,NA
9,1000,279,1,49,NA
9,1001,279,1,55,NA
9,1002,279,1,50,NA
9,1003,279,1,56,NA
9,1004,279,1,56,NA
9,1005,280,1,54,NA
9,1006,280,1,59,NA
9,1007,280,1,52,NA
9,1008,280,1,50,NA
9,1009,280,1,56,NA
9,1010,280,1,55,NA
9,1011,280,1,58,NA
9,1012,280,1,59,NA
9,1013,280,1,58,NA
9,1014,280,1,54,NA
9,1015,280,1,56,NA
9,1016,280,1,59,NA
9,1017,280,1,60,NA
9,1018,280,1,56,NA
9,1019,280,1,60,NA
9,1020,280,1,61,NA
9,1021,280,1,55,NA
9,1022,280,1,59,NA
9,1023,280,1,61,NA
9,1024,280,1,60,NA
9,1025,280,1,60,NA
9,1026,280,1,60,NA
9,1027,280,1,57,NA
9,1028,280,1,60,NA
9,1029,280,1,57,NA
9,1030,280,1,58,NA
9,1031,280,1,55,NA
9,1032,280,1,54,NA
9,1033,280,1,63,NA
9,1034,280,1,53,NA
9,1035,280,1,53,NA
9,1036,280,1,58,NA
9,1037,280,1,55,NA
9,1038,280,1,53,NA
9,1039,280,1,62,NA
9,1040,280,1,60,NA
9,1041,280,1,54,NA
9,1042,280,1,63,NA
9,1043,280,1,55,NA
9,1044,280,1,60,NA
9,1045,280,1,64,NA
9,1046,280,1,60,NA
9,1047,280,1,60,NA
9,1048,280,1,55,NA
9,1049,280,1,56,NA
9,1050,280,1,60,NA
9,1051,280,1,63,NA
9,1052,280,1,61,NA
9,1053,280,1,59,NA
9,1054,280,1,61,NA
9,1055,280,1,63,NA
9,1056,280,1,56,NA
9,1057,280,1,57,NA
9,1058,280,1,58,NA
9,1059,280,1,54,NA
9,1060,280,1,64,NA
9,1061,280,1,60,NA
9,1062,280,1,57,NA
9,1063,280,1,60,NA
9,1064,280,1,56,NA
9,1065,280,1,61,NA
9,1066,280,1,55,NA
9,1067,280,1,65,NA
9,1068,280,1,58,NA
9,1069,280,1,58,NA
9,1070,280,1,57,NA
9,1071,280,1,56,NA
9,1072,280,1,59,NA
9,1073,280,1,54,NA
9,1074,280,1,59,NA
9,1075,280,1,58,NA
9,1076,280,1,60,NA
9,1077,280,1,59,NA
9,1078,280,1,55,NA
9,1079,280,1,57,NA
9,1080,280,1,53,NA
9,1081,280,1,58,NA
9,1082,280,1,53,NA
9,1083,280,1,54,NA
9,1084,280,1,58,NA
9,1085,280,1,55,NA
9,1086,280,1,60,NA
9,1087,280,1,51,NA
9,1088,280,1,56,NA
9,1089,280,1,60,NA
9,1090,280,1,60,NA
9,1091,280,1,54,NA
9,1092,280,1,58,NA
9,1093,280,1,57,NA
9,1094,280,1,63,NA
9,1095,280,1,58,NA
9,1096,280,1,60,NA
9,1097,280,1,51,NA
9,1098,280,1,58,NA
9,1099,280,1,59,NA
9,1100,280,1,65,NA
9,1101,280,1,58,NA
9,1102,280,1,56,NA
9,1103,280,1,55,NA
9,1104,280,1,62,NA
9,1105,281,1,62,NA
9,1106,281,1,65,NA
9,1107,281,1,69,NA
9,1108,281,1,66,NA
9,1109,281,1,64,NA
9,1110,281,1,65,NA
9,1111,281,1,67,NA
9,1112,281,1,72,NA
9,1113,281,1,65,NA
9,1114,281,1,70,NA
9,1115,281,1,70,NA
9,1116,281,1,65,NA
9,1117,281,1,66,NA
9,1118,281,1,62,NA
9,1119,281,1,64,NA
9,1120,281,1,70,NA
9,1121,281,1,72,NA
9,1122,281,1,70,NA
9,1123,281,1,63,NA
9,1124,281,1,67,NA
9,1125,281,1,65,NA
9,1126,281,1,67,NA
9,1127,281,1,68,NA
9,1128,281,1,60,NA
9,1129,281,1,67,NA
9,1130,281,1,66,NA
9,1131,281,1,66,NA
9,1132,281,1,52,NA
9,1133,281,1,68,NA
9,1134,281,1,68,NA
9,1135,281,1,67,NA
9,1136,281,1,68,NA
9,1137,281,1,70,NA
9,1138,281,1,67,NA
9,1139,281,1,72,NA
9,1140,281,1,69,NA
9,1141,281,1,76,NA
9,1142,281,1,68,NA
9,1143,281,1,70,NA
9,1144,281,1,67,NA
9,1145,281,1,70,NA
9,1146,281,1,61,NA
9,1147,281,1,70,NA
9,1148,281,1,71,NA
9,1149,281,1,63,NA
9,1150,281,1,60,NA
9,1151,281,1,60,NA
9,1152,281,1,63,NA
9,1153,281,1,58,NA
9,1154,281,1,64,NA
9,1155,269,1,NA,NA
9,1156,283,1,NA,NA
9,1157,272,1,NA,NA
9,1158,286,1,119,NA
9,1159,286,1,116,NA
9,1160,286,1,105,NA
9,1161,286,1,79,NA
9,1162,286,1,101,NA
9,1163,286,1,97,NA
9,1164,286,1,125,NA
9,1165,286,1,120,NA
9,1166,286,1,117,NA
9,1167,286,1,145,NA
9,1168,286,1,98,NA
9,1169,286,1,142,NA
9,1170,286,1,129,NA
9,1171,286,1,94,NA
9,1172,286,1,128,NA
9,1173,286,1,87,NA
9,1174,286,1,147,NA
9,1175,286,1,115,NA
9,1176,286,1,123,NA
9,1177,286,1,119,NA
9,1178,286,1,112,NA
9,1179,286,1,105,NA
9,1180,286,1,122,NA
9,1181,286,1,135,NA
9,1182,286,1,98,NA
9,1183,286,1,115,NA
9,1184,286,1,117,NA
9,1185,286,1,134,NA
9,1186,286,1,96,NA
9,1187,286,1,97,NA
9,1188,286,1,139,NA
9,1189,286,1,112,NA
9,1190,286,1,93,NA
9,1191,286,1,123,NA
9,1192,286,1,133,NA
9,1193,286,1,98,NA
9,1194,286,1,105,NA
9,1195,286,1,99,NA
9,1196,286,1,136,NA
9,1197,286,1,136,NA
9,1198,286,1,97,NA
9,1199,286,1,75,NA
9,1200,286,1,94,NA
9,1201,286,1,110,NA
9,1202,286,1,135,NA
9,1203,286,1,142,NA
9,1204,286,1,109,NA
9,1205,286,1,135,NA
9,1206,286,1,121,NA
9,1207,286,1,95,NA
9,1208,287,1,100,NA
9,1209,287,1,79,NA
9,1210,287,1,148,NA
9,1211,287,1,83,NA
9,1212,287,1,135,NA
9,1213,287,1,104,NA
9,1214,287,1,108,NA
9,1215,287,1,108,NA
9,1216,287,1,111,NA
9,1217,287,1,102,NA
9,1218,287,1,100,NA
9,1219,287,1,76,NA
9,1220,287,1,103,NA
9,1221,287,1,146,NA
9,1222,287,1,104,NA
9,1223,287,1,121,NA
9,1224,287,1,84,NA
9,1225,287,1,100,NA
9,1226,287,1,140,NA
9,1227,287,1,125,NA
9,1228,287,1,114,NA
9,1229,287,1,111,NA
9,1230,287,1,115,NA
9,1231,287,1,105,NA
9,1232,287,1,103,NA
9,1233,287,1,118,NA
9,1234,287,1,136,NA
9,1235,287,1,109,NA
9,1236,287,1,111,NA
9,1237,287,1,99,NA
9,1238,287,1,110,NA
9,1239,287,1,128,NA
9,1240,287,1,102,NA
9,1241,287,1,80,NA
9,1242,287,1,68,NA
9,1243,287,1,82,NA
9,1244,287,1,94,NA
9,1245,287,1,125,NA
9,1246,287,1,104,NA
9,1247,287,1,109,NA
9,1248,287,1,96,NA
9,1249,287,1,93,NA
9,1250,287,1,128,NA
9,1251,287,1,105,NA
9,1252,287,1,115,NA
9,1253,287,1,121,NA
9,1254,287,1,98,NA
9,1255,287,1,114,NA
9,1256,287,1,120,NA
9,1257,287,1,106,NA
9,1258,287,1,99,NA
9,1259,287,1,91,NA
9,1260,287,1,89,NA
9,1261,287,1,131,NA
9,1262,287,1,100,NA
9,1263,287,1,116,NA
9,1264,287,1,135,NA
9,1265,287,1,102,NA
9,1266,287,1,122,NA
9,1267,287,1,142,NA
9,1268,287,1,104,NA
9,1269,287,1,96,NA
9,1270,287,1,92,NA
9,1271,287,1,94,NA
9,1272,287,1,103,NA
9,1273,287,1,99,NA
9,1274,287,1,148,NA
9,1275,287,1,107,NA
9,1276,287,1,107,NA
9,1277,287,1,136,NA
9,1278,287,1,125,NA
9,1279,287,1,127,NA
9,1280,287,1,114,NA
9,1281,287,1,115,NA
9,1282,287,1,110,NA
9,1283,287,1,143,NA
9,1284,287,1,129,NA
9,1285,287,1,120,NA
9,1286,287,1,126,NA
9,1287,287,1,98,NA
9,1288,287,1,118,NA
9,1289,287,1,118,NA
9,1290,287,1,108,NA
9,1291,287,1,145,NA
9,1292,287,1,82,NA
9,1293,287,1,126,NA
9,1294,287,1,157,NA
9,1295,287,1,125,NA
9,1296,287,1,105,NA
9,1297,287,1,95,NA
9,1298,287,1,114,NA
9,1299,287,1,119,NA
9,1300,287,1,83,NA
9,1301,287,1,78,NA
9,1302,287,1,76,NA
9,1303,287,1,93,NA
9,1304,287,1,87,NA
9,1305,287,1,94,NA
9,1306,287,1,106,NA
9,1307,287,1,111,NA
9,1308,288,1,NA,NA
9,1309,289,1,110,NA
9,1310,289,1,84,NA
9,1311,289,1,92,NA
9,1312,289,1,87,NA
9,1313,289,1,154,NA
9,1314,289,1,118,NA
9,1315,289,1,108,NA
9,1316,289,1,127,NA
9,1317,289,1,101,NA
9,1318,289,1,133,NA
9,1319,289,1,101,NA
9,1320,289,1,115,NA
9,1321,289,1,120,NA
9,1322,289,1,162,NA
9,1323,289,1,116,NA
9,1324,289,1,114,NA
9,1325,289,1,122,NA
9,1326,289,1,113,NA
9,1327,289,1,129,NA
9,1328,289,1,140,NA
9,1329,289,1,92,NA
9,1330,289,1,141,NA
9,1331,289,1,120,NA
9,1332,289,1,74,NA
9,1333,289,1,145,NA
9,1334,289,1,159,NA
9,1335,289,1,154,NA
9,1336,289,1,128,NA
9,1337,289,1,160,NA
9,1338,289,1,107,NA
9,1339,289,1,135,NA
9,1340,289,1,165,NA
9,1341,289,1,148,NA
9,1342,289,1,137,NA
9,1343,289,1,157,NA
9,1344,289,1,127,NA
9,1345,289,1,138,NA
9,1346,289,1,146,NA
9,1347,289,1,140,NA
9,1348,289,1,133,NA
9,1349,289,1,106,NA
9,1350,289,1,159,NA
9,1351,289,1,111,NA
9,1352,289,1,125,NA
9,1353,289,1,93,NA
9,1354,289,1,108,NA
9,1355,289,1,110,NA
9,1356,289,1,134,NA
9,1357,289,1,121,NA
9,1358,289,1,162,NA
9,1359,289,1,99,NA
9,1360,289,1,110,NA
9,1361,289,1,118,NA
9,1362,289,1,139,NA
9,1363,289,1,169,NA
9,1364,289,1,112,NA
9,1365,289,1,113,NA
9,1366,289,1,108,NA
9,1367,289,1,170,NA
9,1368,289,1,125,NA
9,1369,289,1,133,NA
9,1370,289,1,110,NA
9,1371,289,1,132,NA
9,1372,289,1,160,NA
9,1373,289,1,158,NA
9,1374,289,1,110,NA
9,1375,289,1,117,NA
9,1376,289,1,145,NA
9,1377,289,1,144,NA
9,1378,289,1,125,NA
9,1379,289,1,150,NA
9,1380,289,1,137,NA
9,1381,289,1,152,NA
9,1382,289,1,151,NA
9,1383,289,1,165,NA
9,1384,289,1,105,NA
9,1385,289,1,160,NA
9,1386,289,1,130,NA
9,1387,289,1,155,NA
9,1388,289,1,157,NA
9,1389,289,1,110,NA
9,1390,289,1,130,NA
9,1391,289,1,110,NA
9,1392,289,1,120,NA
9,1393,289,1,106,NA
9,1394,289,1,85,NA
9,1395,289,1,110,NA
9,1396,289,1,95,NA
9,1397,289,1,149,NA
9,1398,289,1,140,NA
9,1399,289,1,120,NA
9,1400,289,1,128,NA
9,1401,289,1,130,NA
9,1402,289,1,135,NA
9,1403,289,1,143,NA
9,1404,289,1,155,NA
9,1405,289,1,130,NA
9,1406,289,1,158,NA
9,1407,289,1,112,NA
9,1408,289,1,99,NA
9,1409,290,1,140,NA
9,1410,290,1,115,NA
9,1411,290,1,153,NA
9,1412,290,1,125,NA
9,1413,290,1,150,NA
9,1414,290,1,148,NA
9,1415,290,1,110,NA
9,1416,290,1,140,NA
9,1417,290,1,152,NA
9,1418,290,1,120,NA
9,1419,290,1,118,NA
9,1420,290,1,110,NA
9,1421,290,1,143,NA
9,1422,290,1,140,NA
9,1423,290,1,128,NA
9,1424,290,1,120,NA
9,1425,290,1,148,NA
9,1426,290,1,126,NA
9,1427,290,1,115,NA
9,1428,290,1,110,NA
9,1429,290,1,129,NA
9,1430,290,1,144,NA
9,1431,290,1,130,NA
9,1432,290,1,98,NA
9,1433,290,1,135,NA
9,1434,290,1,144,NA
9,1435,290,1,100,NA
9,1436,290,1,121,NA
9,1437,290,1,130,NA
9,1438,290,1,131,NA
9,1439,290,1,160,NA
9,1440,290,1,162,NA
9,1441,290,1,148,NA
9,1442,290,1,165,NA
9,1443,290,1,150,NA
9,1444,290,1,140,NA
9,1445,290,1,167,NA
9,1446,290,1,135,NA
9,1447,290,1,150,NA
9,1448,290,1,145,NA
9,1449,290,1,134,NA
9,1450,290,1,120,NA
9,1451,290,1,178,NA
9,1452,290,1,130,NA
9,1453,290,1,100,NA
9,1454,290,1,159,NA
9,1455,290,1,154,NA
9,1456,290,1,145,NA
9,1457,290,1,157,NA
9,1458,290,1,142,NA
9,1459,290,1,96,NA
9,1460,290,1,170,NA
9,1461,290,1,113,NA
9,1462,290,1,100,NA
9,1463,290,1,119,NA
9,1464,290,1,140,NA
9,1465,290,1,145,NA
9,1466,290,1,139,NA
9,1467,290,1,130,NA
9,1468,290,1,153,NA
9,1469,290,1,120,NA
9,1470,290,1,160,NA
9,1471,290,1,139,NA
9,1472,290,1,135,NA
9,1473,290,1,133,NA
9,1474,290,1,140,NA
9,1475,290,1,149,NA
9,1476,290,1,139,NA
9,1477,290,1,132,NA
9,1478,290,1,142,NA
9,1479,290,1,100,NA
9,1480,290,1,121,NA
9,1481,290,1,153,NA
9,1482,290,1,158,NA
9,1483,290,1,120,NA
9,1484,290,1,135,NA
9,1485,290,1,153,NA
9,1486,290,1,150,NA
9,1487,290,1,124,NA
9,1488,290,1,137,NA
9,1489,290,1,132,NA
9,1490,290,1,140,NA
9,1491,290,1,143,NA
9,1492,290,1,146,NA
9,1493,290,1,130,NA
9,1494,290,1,148,NA
9,1495,290,1,122,NA
9,1496,290,1,120,NA
9,1497,290,1,144,NA
9,1498,290,1,130,NA
9,1499,290,1,143,NA
9,1500,290,1,150,NA
9,1501,290,1,119,NA
9,1502,290,1,148,NA
9,1503,290,1,180,NA
9,1504,290,1,107,NA
9,1505,290,1,151,NA
9,1506,290,1,129,NA
9,1507,290,1,119,NA
9,1508,290,1,98,NA
9,1509,290,1,89,NA
9,1510,290,1,126,NA
9,1511,290,1,153,NA
9,1512,290,1,131,NA
9,1513,290,1,148,NA
9,1514,290,1,98,NA
9,1515,290,1,125,NA
9,1516,290,1,132,NA
9,1517,290,1,145,NA
9,1518,290,1,147,NA
9,1519,290,1,125,NA
9,1520,290,1,114,NA
9,1521,290,1,185,NA
9,1522,290,1,110,NA
9,1523,290,1,111,NA
9,1524,290,1,126,NA
9,1525,290,1,125,NA
9,1526,290,1,140,NA
9,1527,290,1,138,NA
9,1528,290,1,150,NA
9,1529,290,1,160,NA
9,1530,290,1,165,NA
9,1531,290,1,150,NA
9,1532,290,1,142,NA
9,1533,290,1,125,NA
9,1534,290,1,134,NA
9,1535,290,1,100,NA
9,1536,290,1,179,NA
9,1537,290,1,127,NA
9,1538,290,1,110,NA
9,1539,290,1,160,NA
9,1540,290,1,168,NA
9,1541,290,1,115,NA
9,1542,290,1,140,NA
9,1543,290,1,170,NA
9,1544,290,1,98,NA
9,1545,290,1,160,NA
9,1546,290,1,171,NA
9,1547,290,1,159,NA
9,1548,290,1,160,NA
9,1549,290,1,110,NA
9,1550,290,1,145,NA
9,1551,290,1,176,NA
9,1552,290,1,116,NA
9,1553,290,1,180,NA
9,1554,290,1,150,NA
9,1555,290,1,127,NA
9,1556,290,1,90,NA
9,1557,290,1,145,NA
9,1558,290,1,125,NA
9,1559,291,1,178,NA
9,1560,291,1,182,NA
9,1561,291,1,141,NA
9,1562,291,1,179,NA
9,1563,291,1,183,NA
9,1564,291,1,150,NA
9,1565,291,1,189,NA
9,1566,291,1,115,NA
9,1567,291,1,134,NA
9,1568,291,1,146,NA
9,1569,291,1,184,NA
9,1570,291,1,153,NA
9,1571,291,1,159,NA
9,1572,291,1,133,NA
9,1573,291,1,164,NA
9,1574,291,1,138,NA
9,1575,291,1,142,NA
9,1576,291,1,148,NA
9,1577,291,1,180,NA
9,1578,291,1,102,NA
9,1579,291,1,120,NA
9,1580,291,1,168,NA
9,1581,291,1,143,NA
9,1582,291,1,148,NA
9,1583,291,1,154,NA
9,1584,291,1,124,NA
9,1585,291,1,161,NA
9,1586,291,1,142,NA
9,1587,291,1,120,NA
9,1588,291,1,137,NA
9,1589,291,1,118,NA
9,1590,291,1,159,NA
9,1591,291,1,169,NA
9,1592,291,1,145,NA
9,1593,291,1,163,NA
9,1594,291,1,113,NA
9,1595,291,1,70,NA
9,1596,291,1,146,NA
9,1597,291,1,166,NA
9,1598,291,1,160,NA
9,1599,291,1,116,NA
9,1600,291,1,136,NA
9,1601,291,1,170,NA
9,1602,291,1,148,NA
9,1603,291,1,181,NA
9,1604,291,1,155,NA
9,1605,291,1,138,NA
9,1606,291,1,167,NA
9,1607,291,1,142,NA
9,1608,291,1,152,NA
9,1609,291,1,130,NA
9,1610,291,1,116,NA
9,1611,291,1,140,NA
9,1612,291,1,131,NA
9,1613,291,1,158,NA
9,1614,291,1,144,NA
9,1615,291,1,132,NA
9,1616,291,1,138,NA
9,1617,291,1,137,NA
9,1618,291,1,129,NA
9,1619,291,1,146,NA
9,1620,291,1,150,NA
9,1621,291,1,116,NA
9,1622,291,1,131,NA
9,1623,291,1,170,NA
9,1624,291,1,127,NA
9,1625,291,1,168,NA
9,1626,291,1,129,NA
9,1627,291,1,174,NA
9,1628,291,1,146,NA
9,1629,291,1,148,NA
9,1630,291,1,139,NA
9,1631,291,1,137,NA
9,1632,291,1,190,NA
9,1633,291,1,154,NA
9,1634,291,1,127,NA
9,1635,291,1,179,NA
9,1636,291,1,169,NA
9,1637,291,1,92,NA
9,1638,291,1,134,NA
9,1639,291,1,147,NA
9,1640,291,1,172,NA
9,1641,291,1,191,NA
9,1642,291,1,136,NA
9,1643,291,1,126,NA
9,1644,291,1,139,NA
9,1645,291,1,132,NA
9,1646,291,1,141,NA
9,1647,291,1,124,NA
9,1648,291,1,170,NA
9,1649,291,1,139,NA
9,1650,291,1,180,NA
9,1651,291,1,133,NA
9,1652,291,1,119,NA
9,1653,291,1,149,NA
9,1654,291,1,152,NA
9,1655,291,1,159,NA
9,1656,291,1,160,NA
9,1657,291,1,150,NA
9,1658,291,1,163,NA
9,1659,292,1,60,NA
9,1660,292,1,60,NA
9,1661,292,1,60,NA
9,1662,292,1,55,NA
9,1663,292,1,66,NA
9,1664,292,1,65,NA
9,1665,292,1,60,NA
9,1666,292,1,66,NA
9,1667,292,1,59,NA
9,1668,292,1,60,NA
9,1669,292,1,59,NA
9,1670,292,1,58,NA
9,1671,292,1,59,NA
9,1672,292,1,58,NA
9,1673,292,1,54,NA
9,1674,292,1,56,NA
9,1675,292,1,60,NA
9,1676,292,1,63,NA
9,1677,292,1,58,NA
9,1678,292,1,58,NA
9,1679,292,1,58,NA
9,1680,292,1,59,NA
9,1681,292,1,60,NA
9,1682,292,1,58,NA
9,1683,292,1,58,NA
9,1684,292,1,54,NA
9,1685,292,1,59,NA
9,1686,292,1,60,NA
9,1687,292,1,54,NA
9,1688,292,1,55,NA
9,1689,292,1,54,NA
9,1690,292,1,55,NA
9,1691,292,1,60,NA
9,1692,292,1,65,NA
9,1693,292,1,60,NA
9,1694,292,1,64,NA
9,1695,292,1,58,NA
9,1696,292,1,59,NA
9,1697,292,1,59,NA
9,1698,292,1,60,NA
9,1699,292,1,60,NA
9,1700,292,1,58,NA
9,1701,292,1,59,NA
9,1702,292,1,60,NA
9,1703,292,1,60,NA
9,1704,292,1,59,NA
9,1705,292,1,58,NA
9,1706,292,1,60,NA
9,1707,292,1,58,NA
9,1708,292,1,57,NA
9,1709,292,1,63,NA
9,1710,292,1,60,NA
9,1711,292,1,60,NA
9,1712,292,1,61,NA
9,1713,292,1,59,NA
9,1714,292,1,61,NA
9,1715,292,1,58,NA
9,1716,292,1,60,NA
9,1717,292,1,55,NA
9,1718,292,1,60,NA
9,1719,292,1,60,NA
9,1720,292,1,62,NA
9,1721,292,1,54,NA
9,1722,292,1,59,NA
9,1723,292,1,65,NA
9,1724,292,1,55,NA
9,1725,292,1,60,NA
9,1726,292,1,53,NA
9,1727,292,1,61,NA
9,1728,292,1,60,NA
9,1729,292,1,56,NA
9,1730,292,1,60,NA
9,1731,292,1,60,NA
9,1732,292,1,58,NA
9,1733,292,1,61,NA
9,1734,292,1,60,NA
9,1735,292,1,55,NA
9,1736,292,1,60,NA
9,1737,292,1,60,NA
9,1738,292,1,58,NA
9,1739,292,1,56,NA
9,1740,292,1,59,NA
9,1741,292,1,55,NA
9,1742,292,1,58,NA
9,1743,292,1,56,NA
9,1744,292,1,56,NA
9,1745,292,1,58,NA
9,1746,292,1,60,NA
9,1747,292,1,57,NA
9,1748,292,1,60,NA
9,1749,292,1,55,NA
9,1750,292,1,58,NA
9,1751,292,1,59,NA
9,1752,292,1,60,NA
9,1753,292,1,60,NA
9,1754,292,1,55,NA
9,1755,292,1,57,NA
9,1756,292,1,59,NA
9,1757,292,1,56,NA
9,1758,292,1,60,NA
9,1759,293,1,51,NA
9,1760,293,1,52,NA
9,1761,293,1,53,NA
9,1762,293,1,52,NA
9,1763,293,1,55,NA
9,1764,293,1,56,NA
9,1765,293,1,54,NA
9,1766,293,1,53,NA
9,1767,293,1,53,NA
9,1768,293,1,54,NA
9,1769,293,1,53,NA
9,1770,293,1,54,NA
9,1771,293,1,54,NA
9,1772,293,1,55,NA
9,1773,293,1,54,NA
9,1774,293,1,54,NA
9,1775,293,1,48,NA
9,1776,293,1,52,NA
9,1777,293,1,54,NA
9,1778,293,1,53,NA
9,1779,293,1,53,NA
9,1780,293,1,52,NA
9,1781,293,1,56,NA
9,1782,293,1,50,NA
9,1783,293,1,52,NA
9,1784,293,1,55,NA
9,1785,293,1,55,NA
9,1786,293,1,51,NA
9,1787,293,1,52,NA
9,1788,293,1,53,NA
9,1789,293,1,53,NA
9,1790,293,1,52,NA
9,1791,293,1,56,NA
9,1792,293,1,53,NA
9,1793,293,1,49,NA
9,1794,293,1,54,NA
9,1795,293,1,53,NA
9,1796,293,1,52,NA
9,1797,293,1,50,NA
9,1798,293,1,52,NA
9,1799,293,1,53,NA
9,1800,293,1,53,NA
9,1801,293,1,52,NA
9,1802,293,1,50,NA
9,1803,293,1,50,NA
9,1804,293,1,54,NA
9,1805,293,1,51,NA
9,1806,293,1,52,NA
9,1807,293,1,54,NA
9,1808,293,1,50,NA
9,1809,293,1,51,NA
9,1810,293,1,50,NA
9,1811,293,1,54,NA
9,1812,293,1,53,NA
9,1813,293,1,51,NA
9,1814,293,1,50,NA
9,1815,293,1,49,NA
9,1816,293,1,53,NA
9,1817,293,1,55,NA
9,1818,293,1,52,NA
9,1819,293,1,52,NA
9,1820,293,1,51,NA
9,1821,293,1,51,NA
9,1822,293,1,52,NA
9,1823,293,1,50,NA
9,1824,293,1,52,NA
9,1825,293,1,54,NA
9,1826,293,1,53,NA
9,1827,293,1,54,NA
9,1828,293,1,49,NA
9,1829,293,1,56,NA
9,1830,293,1,51,NA
9,1831,293,1,51,NA
9,1832,293,1,50,NA
9,1833,293,1,45,NA
9,1834,293,1,55,NA
9,1835,293,1,50,NA
9,1836,293,1,48,NA
9,1837,293,1,51,NA
9,1838,293,1,52,NA
9,1839,293,1,52,NA
9,1840,293,1,56,NA
9,1841,293,1,53,NA
9,1842,293,1,51,NA
9,1843,293,1,53,NA
9,1844,293,1,52,NA
9,1845,293,1,52,NA
9,1846,293,1,50,NA
9,1847,293,1,55,NA
9,1848,293,1,54,NA
9,1849,293,1,53,NA
9,1850,293,1,51,NA
9,1851,293,1,55,NA
9,1852,293,1,54,NA
9,1853,293,1,52,NA
9,1854,293,1,51,NA
9,1855,293,1,51,NA
9,1856,293,1,54,NA
9,1857,293,1,51,NA
9,1858,293,1,48,NA
9,1859,294,1,NA,52
9,1860,294,1,NA,51
9,1861,294,1,NA,51
9,1862,294,1,NA,52
9,1863,294,1,NA,50
9,1864,294,1,NA,48
9,1865,294,1,NA,55
9,1866,294,1,NA,52
9,1867,294,1,NA,55
9,1868,294,1,NA,52
9,1869,294,1,NA,50
9,1870,294,1,NA,48
9,1871,294,1,NA,54
9,1872,294,1,NA,41
9,1873,294,1,NA,52
9,1874,294,1,NA,55
9,1875,294,1,NA,52
9,1876,294,1,NA,55
9,1877,294,1,NA,55
9,1878,294,1,NA,51
9,1879,294,1,NA,54
9,1880,294,1,NA,53
9,1881,294,1,NA,51
9,1882,294,1,NA,55
9,1883,294,1,NA,50
9,1884,294,1,NA,52
9,1885,294,1,NA,48
9,1886,294,1,NA,52
9,1887,294,1,NA,51
9,1888,294,1,NA,56
9,1889,294,1,NA,53
9,1890,294,1,NA,52
9,1891,294,1,NA,56
9,1892,294,1,NA,52
9,1893,294,1,NA,54
9,1894,294,1,NA,50
9,1895,294,1,NA,56
9,1896,294,1,NA,56
9,1897,294,1,NA,53
9,1898,294,1,NA,52
9,1899,294,1,NA,53
9,1900,294,1,NA,53
9,1901,294,1,NA,48
9,1902,294,1,NA,41
9,1903,294,1,NA,53
9,1904,294,1,NA,50
9,1905,294,1,NA,55
9,1906,294,1,NA,52
9,1907,294,1,NA,55
9,1908,294,1,NA,51
9,1909,294,1,NA,52
9,1910,294,1,NA,43
9,1911,294,1,NA,50
9,1912,294,1,NA,40
9,1913,294,1,NA,51
9,1914,294,1,NA,52
9,1915,294,1,NA,52
9,1916,294,1,NA,53
9,1917,294,1,NA,55
9,1918,294,1,NA,51
9,1919,294,1,NA,48
9,1920,294,1,NA,52
9,1921,294,1,NA,53
9,1922,294,1,NA,52
9,1923,294,1,NA,54
9,1924,294,1,NA,49
9,1925,294,1,NA,51
9,1926,294,1,NA,50
9,1927,294,1,NA,52
9,1928,294,1,NA,53
9,1929,294,1,NA,52
9,1930,294,1,NA,55
9,1931,294,1,NA,51
9,1932,294,1,NA,54
9,1933,294,1,NA,55
9,1934,294,1,NA,56
9,1935,294,1,NA,49
9,1936,294,1,NA,52
9,1937,294,1,NA,50
9,1938,294,1,NA,53
9,1939,294,1,NA,57
9,1940,294,1,NA,50
9,1941,294,1,NA,51
9,1942,294,1,NA,51
9,1943,294,1,NA,50
9,1944,294,1,NA,49
9,1945,294,1,NA,51
9,1946,294,1,NA,54
9,1947,294,1,NA,53
9,1948,294,1,NA,53
9,1949,294,1,NA,53
9,1950,294,1,NA,55
9,1951,294,1,NA,55
9,1952,294,1,NA,55
9,1953,294,1,NA,57
9,1954,294,1,NA,58
9,1955,294,1,NA,54
9,1956,294,1,NA,50
9,1957,294,1,NA,51
9,1958,294,1,NA,52
9,1959,265,1,NA,NA
9,1960,285,1,NA,NA
9,1961,586,1,121,NA
9,1962,586,1,108,NA
9,1963,586,1,140,NA
9,1964,586,1,99,NA
9,1965,586,1,98,NA
9,1966,586,1,108,NA
9,1967,586,1,144,NA
9,1968,586,1,157,NA
9,1969,586,1,132,NA
9,1970,586,1,126,NA
9,1971,586,1,122,NA
9,1972,586,1,121,NA
9,1973,586,1,122,NA
9,1974,586,1,105,NA
9,1975,586,1,98,NA
9,1976,586,1,105,NA
9,1977,586,1,116,NA
9,1978,586,1,122,NA
9,1979,586,1,110,NA
9,1980,586,1,121,NA
9,1981,586,1,119,NA
9,1982,586,1,130,NA
9,1983,586,1,138,NA
9,1984,586,1,126,NA
9,1985,586,1,120,NA
9,1986,586,1,145,NA
9,1987,586,1,123,NA
9,1988,586,1,132,NA
9,1989,586,1,128,NA
9,1990,586,1,115,NA
9,1991,586,1,100,NA
9,1992,586,1,116,NA
9,1993,586,1,92,NA
9,1994,586,1,101,NA
9,1995,586,1,98,NA
9,1996,586,1,110,NA
9,1997,586,1,126,NA
9,1998,586,1,148,NA
9,1999,586,1,85,NA
9,2000,586,1,112,NA
9,2001,586,1,109,NA
9,2002,586,1,117,NA
9,2003,586,1,123,NA
9,2004,586,1,98,NA
9,2005,586,1,122,NA
9,2006,586,1,115,NA
9,2007,586,1,160,NA
9,2008,586,1,129,NA
9,2009,586,1,106,NA
9,2010,586,1,121,NA
9,2011,586,1,110,NA
9,2012,586,1,135,NA
9,2013,586,1,117,NA
9,2014,586,1,138,NA
9,2015,586,1,120,NA
9,2016,586,1,108,NA
9,2017,586,1,125,NA
9,2018,586,1,129,NA
9,2019,586,1,110,NA
9,2020,586,1,140,NA
9,2021,586,1,154,NA
9,2022,586,1,115,NA
9,2023,586,1,126,NA
9,2024,586,1,104,NA
9,2025,586,1,122,NA
9,2026,586,1,132,NA
9,2027,586,1,138,NA
9,2028,586,1,125,NA
9,2029,586,1,132,NA
9,2030,586,1,110,NA
9,2031,586,1,122,NA
9,2032,586,1,94,NA
9,2033,586,1,121,NA
9,2034,586,1,109,NA
9,2035,586,1,108,NA
9,2036,586,1,130,NA
9,2037,586,1,120,NA
9,2038,586,1,129,NA
9,2039,586,1,126,NA
9,2040,586,1,128,NA
9,2041,586,1,135,NA
9,2042,586,1,138,NA
9,2043,586,1,139,NA
9,2044,586,1,129,NA
9,2045,586,1,130,NA
9,2046,586,1,134,NA
9,2047,586,1,125,NA
9,2048,586,1,90,NA
9,2049,586,1,131,NA
9,2050,586,1,76,NA
9,2051,586,1,100,NA
9,2052,586,1,110,NA
9,2053,586,1,145,NA
9,2054,586,1,129,NA
9,2055,586,1,130,NA
9,2056,586,1,99,NA
9,2057,586,1,130,NA
9,2058,586,1,112,NA
9,2059,586,1,140,NA
9,2060,586,1,146,NA
9,2061,588,1,125,NA
9,2062,588,1,160,NA
9,2063,588,1,120,NA
9,2064,588,1,158,NA
9,2065,588,1,145,NA
9,2066,588,1,120,NA
9,2067,588,1,140,NA
9,2068,588,1,154,NA
9,2069,588,1,130,NA
9,2070,588,1,115,NA
9,2071,588,1,110,NA
9,2072,588,1,125,NA
9,2073,588,1,98,NA
9,2074,588,1,120,NA
9,2075,588,1,138,NA
9,2076,588,1,140,NA
9,2077,588,1,125,NA
9,2078,588,1,110,NA
9,2079,588,1,123,NA
9,2080,588,1,125,NA
9,2081,588,1,128,NA
9,2082,588,1,130,NA
9,2083,588,1,110,NA
9,2084,588,1,130,NA
9,2085,588,1,140,NA
9,2086,588,1,98,NA
9,2087,588,1,138,NA
9,2088,588,1,129,NA
9,2089,588,1,120,NA
9,2090,588,1,119,NA
9,2091,588,1,115,NA
9,2092,588,1,110,NA
9,2093,588,1,148,NA
9,2094,588,1,125,NA
9,2095,588,1,120,NA
9,2096,588,1,119,NA
9,2097,588,1,140,NA
9,2098,588,1,135,NA
9,2099,588,1,119,NA
9,2100,588,1,130,NA
9,2101,588,1,138,NA
9,2102,588,1,145,NA
9,2103,588,1,148,NA
9,2104,588,1,120,NA
9,2105,588,1,108,NA
9,2106,588,1,110,NA
9,2107,588,1,160,NA
9,2108,588,1,120,NA
9,2109,588,1,138,NA
9,2110,588,1,140,NA
9,2111,588,1,110,NA
9,2112,588,1,125,NA
9,2113,588,1,125,NA
9,2114,588,1,130,NA
9,2115,588,1,155,NA
9,2116,588,1,98,NA
9,2117,588,1,128,NA
9,2118,588,1,124,NA
9,2119,588,1,130,NA
9,2120,588,1,120,NA
9,2121,588,1,140,NA
9,2122,588,1,120,NA
9,2123,588,1,149,NA
9,2124,588,1,125,NA
9,2125,588,1,125,NA
9,2126,588,1,120,NA
9,2127,588,1,155,NA
9,2128,588,1,120,NA
9,2129,588,1,125,NA
9,2130,588,1,150,NA
9,2131,588,1,145,NA
9,2132,588,1,135,NA
9,2133,588,1,110,NA
9,2134,588,1,95,NA
9,2135,588,1,143,NA
9,2136,588,1,110,NA
9,2137,588,1,145,NA
9,2138,588,1,135,NA
9,2139,588,1,140,NA
9,2140,588,1,125,NA
9,2141,588,1,138,NA
9,2142,588,1,120,NA
9,2143,588,1,110,NA
9,2144,588,1,153,NA
9,2145,588,1,140,NA
9,2146,588,1,120,NA
9,2147,588,1,130,NA
9,2148,588,1,135,NA
9,2149,588,1,150,NA
9,2150,588,1,135,NA
9,2151,588,1,142,NA
9,2152,588,1,135,NA
9,2153,588,1,160,NA
9,2154,588,1,112,NA
9,2155,588,1,115,NA
9,2156,588,1,172,NA
9,2157,588,1,150,NA
9,2158,588,1,138,NA
9,2159,588,1,149,NA
9,2160,588,1,132,NA
9,2161,591,1,63,NA
9,2162,591,1,62,NA
9,2163,591,1,50,NA
9,2164,591,1,64,NA
9,2165,591,1,60,NA
9,2166,591,1,62,NA
9,2167,591,1,49,NA
9,2168,591,1,64,NA
9,2169,591,1,61,NA
9,2170,591,1,61,NA
9,2171,591,1,61,NA
9,2172,591,1,64,NA
9,2173,591,1,61,NA
9,2174,591,1,58,NA
9,2175,591,1,65,NA
9,2176,591,1,60,NA
9,2177,591,1,59,NA
9,2178,591,1,59,NA
9,2179,591,1,55,NA
9,2180,591,1,61,NA
9,2181,591,1,59,NA
9,2182,591,1,63,NA
9,2183,591,1,57,NA
9,2184,591,1,60,NA
9,2185,591,1,62,NA
9,2186,591,1,57,NA
9,2187,591,1,60,NA
9,2188,591,1,60,NA
9,2189,591,1,61,NA
9,2190,591,1,64,NA
9,2191,591,1,59,NA
9,2192,591,1,50,NA
9,2193,591,1,64,NA
9,2194,591,1,48,NA
9,2195,591,1,59,NA
9,2196,591,1,61,NA
9,2197,591,1,52,NA
9,2198,591,1,60,NA
9,2199,591,1,56,NA
9,2200,591,1,57,NA
9,2201,591,1,62,NA
9,2202,591,1,62,NA
9,2203,591,1,58,NA
9,2204,591,1,54,NA
9,2205,591,1,62,NA
9,2206,591,1,64,NA
9,2207,591,1,54,NA
9,2208,591,1,60,NA
9,2209,591,1,60,NA
9,2210,591,1,63,NA
9,2211,591,1,61,NA
9,2212,591,1,53,NA
9,2213,591,1,60,NA
9,2214,591,1,60,NA
9,2215,591,1,62,NA
9,2216,591,1,61,NA
9,2217,591,1,63,NA
9,2218,591,1,60,NA
9,2219,591,1,58,NA
9,2220,591,1,58,NA
9,2221,591,1,62,NA
9,2222,591,1,64,NA
9,2223,591,1,61,NA
9,2224,591,1,60,NA
9,2225,591,1,61,NA
9,2226,591,1,61,NA
9,2227,591,1,48,NA
9,2228,591,1,64,NA
9,2229,591,1,60,NA
9,2230,591,1,59,NA
9,2231,591,1,59,NA
9,2232,591,1,69,NA
9,2233,591,1,65,NA
9,2234,591,1,67,NA
9,2235,591,1,64,NA
9,2236,591,1,62,NA
9,2237,591,1,64,NA
9,2238,591,1,59,NA
9,2239,591,1,58,NA
9,2240,591,1,54,NA
9,2241,591,1,60,NA
9,2242,591,1,63,NA
9,2243,591,1,63,NA
9,2244,591,1,62,NA
9,2245,591,1,54,NA
9,2246,591,1,61,NA
9,2247,591,1,56,NA
9,2248,591,1,62,NA
9,2249,591,1,58,NA
9,2250,591,1,66,NA
9,2251,591,1,61,NA
9,2252,591,1,59,NA
9,2253,591,1,60,NA
9,2254,591,1,58,NA
9,2255,591,1,60,NA
9,2256,591,1,64,NA
9,2257,591,1,58,NA
9,2258,591,1,58,NA
9,2259,591,1,59,NA
9,2260,591,1,62,NA
9,2261,592,1,73,NA
9,2262,592,1,70,NA
9,2263,592,1,69,NA
9,2264,592,1,71,NA
9,2265,592,1,70,NA
9,2266,592,1,75,NA
9,2267,592,1,74,NA
9,2268,592,1,69,NA
9,2269,592,1,68,NA
9,2270,592,1,67,NA
9,2271,592,1,75,NA
9,2272,592,1,58,NA
9,2273,592,1,70,NA
9,2274,592,1,70,NA
9,2275,592,1,72,NA
9,2276,592,1,70,NA
9,2277,592,1,77,NA
9,2278,592,1,69,NA
9,2279,592,1,73,NA
9,2280,592,1,62,NA
9,2281,592,1,69,NA
9,2282,592,1,71,NA
9,2283,592,1,74,NA
9,2284,592,1,71,NA
9,2285,592,1,73,NA
9,2286,592,1,72,NA
9,2287,592,1,67,NA
9,2288,592,1,61,NA
9,2289,592,1,75,NA
9,2290,592,1,59,NA
9,2291,592,1,73,NA
9,2292,592,1,65,NA
9,2293,592,1,75,NA
9,2294,592,1,81,NA
9,2295,592,1,72,NA
9,2296,592,1,64,NA
9,2297,592,1,78,NA
9,2298,592,1,67,NA
9,2299,592,1,55,NA
9,2300,592,1,75,NA
9,2301,592,1,72,NA
9,2302,592,1,62,NA
9,2303,592,1,73,NA
9,2304,592,1,77,NA
9,2305,592,1,62,NA
9,2306,592,1,70,NA
9,2307,592,1,63,NA
9,2308,592,1,68,NA
9,2309,592,1,60,NA
9,2310,592,1,55,NA
9,2311,592,1,65,NA
9,2312,592,1,65,NA
9,2313,592,1,73,NA
9,2314,592,1,77,NA
9,2315,592,1,68,NA
9,2316,592,1,61,NA
9,2317,592,1,74,NA
9,2318,592,1,70,NA
9,2319,592,1,67,NA
9,2320,592,1,70,NA
9,2321,592,1,77,NA
9,2322,592,1,75,NA
9,2323,592,1,68,NA
9,2324,592,1,79,NA
9,2325,592,1,82,NA
9,2326,592,1,63,NA
9,2327,592,1,74,NA
9,2328,592,1,74,NA
9,2329,592,1,80,NA
9,2330,592,1,69,NA
9,2331,592,1,81,NA
9,2332,592,1,74,NA
9,2333,592,1,68,NA
9,2334,592,1,76,NA
9,2335,592,1,70,NA
9,2336,592,1,68,NA
9,2337,592,1,73,NA
9,2338,592,1,65,NA
9,2339,592,1,70,NA
9,2340,592,1,69,NA
9,2341,592,1,72,NA
9,2342,592,1,70,NA
9,2343,592,1,73,NA
9,2344,592,1,78,NA
9,2345,592,1,68,NA
9,2346,592,1,81,NA
9,2347,592,1,83,NA
9,2348,592,1,68,NA
9,2349,592,1,75,NA
9,2350,592,1,80,NA
9,2351,592,1,70,NA
9,2352,592,1,73,NA
9,2353,592,1,73,NA
9,2354,592,1,78,NA
9,2355,592,1,74,NA
9,2356,592,1,70,NA
9,2357,592,1,72,NA
9,2358,592,1,70,NA
9,2359,592,1,70,NA
9,2360,592,1,73,NA
9,2361,593,1,64,NA
9,2362,593,1,75,NA
9,2363,593,1,75,NA
9,2364,593,1,73,NA
9,2365,593,1,72,NA
9,2366,593,1,73,NA
9,2367,593,1,73,NA
9,2368,593,1,74,NA
9,2369,593,1,73,NA
9,2370,593,1,68,NA
9,2371,593,1,78,NA
9,2372,593,1,68,NA
9,2373,593,1,73,NA
9,2374,593,1,70,NA
9,2375,593,1,65,NA
9,2376,593,1,66,NA
9,2377,593,1,76,NA
9,2378,593,1,78,NA
9,2379,593,1,60,NA
9,2380,593,1,70,NA
9,2381,593,1,70,NA
9,2382,593,1,70,NA
9,2383,593,1,70,NA
9,2384,593,1,64,NA
9,2385,593,1,76,NA
9,2386,593,1,70,NA
9,2387,593,1,72,NA
9,2388,593,1,75,NA
9,2389,593,1,65,NA
9,2390,593,1,73,NA
9,2391,593,1,71,NA
9,2392,593,1,69,NA
9,2393,593,1,74,NA
9,2394,593,1,70,NA
9,2395,593,1,74,NA
9,2396,593,1,78,NA
9,2397,593,1,78,NA
9,2398,593,1,65,NA
9,2399,593,1,70,NA
9,2400,593,1,74,NA
9,2401,593,1,73,NA
9,2402,593,1,68,NA
9,2403,593,1,75,NA
9,2404,593,1,68,NA
9,2405,593,1,60,NA
9,2406,593,1,71,NA
9,2407,593,1,78,NA
9,2408,593,1,70,NA
9,2409,593,1,68,NA
9,2410,593,1,73,NA
9,2411,593,1,68,NA
9,2412,593,1,80,NA
9,2413,593,1,80,NA
9,2414,593,1,75,NA
9,2415,593,1,71,NA
9,2416,593,1,74,NA
9,2417,593,1,78,NA
9,2418,593,1,69,NA
9,2419,593,1,75,NA
9,2420,593,1,75,NA
9,2421,593,1,70,NA
9,2422,593,1,74,NA
9,2423,593,1,77,NA
9,2424,593,1,70,NA
9,2425,593,1,73,NA
9,2426,593,1,71,NA
9,2427,593,1,68,NA
9,2428,593,1,69,NA
9,2429,593,1,74,NA
9,2430,593,1,76,NA
9,2431,593,1,70,NA
9,2432,593,1,72,NA
9,2433,593,1,75,NA
9,2434,593,1,72,NA
9,2435,593,1,68,NA
9,2436,593,1,74,NA
9,2437,593,1,71,NA
9,2438,593,1,70,NA
9,2439,593,1,63,NA
9,2440,593,1,69,NA
9,2441,593,1,70,NA
9,2442,593,1,72,NA
9,2443,593,1,77,NA
9,2444,593,1,73,NA
9,2445,593,1,69,NA
9,2446,593,1,65,NA
9,2447,593,1,71,NA
9,2448,593,1,72,NA
9,2449,593,1,68,NA
9,2450,593,1,74,NA
9,2451,593,1,76,NA
9,2452,593,1,70,NA
9,2453,593,1,73,NA
9,2454,593,1,70,NA
9,2455,593,1,74,NA
9,2456,593,1,78,NA
9,2457,593,1,63,NA
9,2458,593,1,70,NA
9,2459,593,1,70,NA
9,2460,593,1,55,NA
9,2461,585,1,NA,NA
9,2462,584,1,NA,NA
9,2463,594,1,NA,NA
9,2464,598,1,NA,NA
9,2465,601,1,NA,NA
9,2466,603,1,55,NA
9,2467,603,1,60,NA
9,2468,603,1,53,NA
9,2469,603,2,56,NA
9,2470,603,1,58,NA
9,2471,603,1,59,NA
9,2472,603,3,54,NA
9,2473,603,1,58,NA
9,2474,603,1,55,NA
9,2475,603,1,59,NA
9,2476,603,1,58,NA
9,2477,603,1,64,NA
9,2478,603,1,61,NA
9,2479,603,1,58,NA
9,2480,603,1,60,NA
9,2481,603,1,58,NA
9,2482,603,1,61,NA
9,2483,603,1,55,NA
9,2484,603,1,50,NA
9,2485,603,1,65,NA
9,2486,603,1,60,NA
9,2487,603,1,58,NA
9,2488,603,1,57,NA
9,2489,603,1,58,NA
9,2490,603,1,52,NA
9,2491,603,1,58,NA
9,2492,603,1,59,NA
9,2493,603,1,61,NA
9,2494,603,1,62,NA
9,2495,603,1,60,NA
9,2496,603,1,64,NA
9,2497,603,1,49,NA
9,2498,603,1,59,NA
9,2499,603,1,54,NA
9,2500,603,1,57,NA
9,2501,603,1,53,NA
9,2502,603,1,64,NA
9,2503,603,1,58,NA
9,2504,603,1,56,NA
9,2505,603,1,57,NA
9,2506,603,1,55,NA
9,2507,603,1,58,NA
9,2508,603,1,54,NA
9,2509,603,1,57,NA
9,2510,603,1,54,NA
9,2511,603,1,57,NA
9,2512,603,1,64,NA
9,2513,604,1,64,NA
9,2514,604,1,59,NA
9,2515,604,1,66,NA
9,2516,604,1,68,NA
9,2517,604,1,57,NA
9,2518,604,1,58,NA
9,2519,604,1,63,NA
9,2520,604,1,58,NA
9,2521,604,2,62,NA
9,2522,604,1,68,NA
9,2523,604,1,66,NA
9,2524,604,1,64,NA
9,2525,604,1,69,NA
9,2526,604,2,65,NA
9,2527,604,1,63,NA
9,2528,604,1,65,NA
9,2529,604,1,61,NA
9,2530,604,1,54,NA
9,2531,604,1,67,NA
9,2532,604,1,61,NA
9,2533,604,1,63,NA
9,2534,604,1,68,NA
9,2535,604,1,58,NA
9,2536,604,1,62,NA
9,2537,604,1,65,NA
9,2538,604,1,54,NA
9,2539,604,1,63,NA
9,2540,604,1,73,NA
9,2541,604,1,67,NA
9,2542,604,1,62,NA
9,2543,604,1,63,NA
9,2544,604,1,67,NA
9,2545,604,1,53,NA
9,2546,604,1,62,NA
9,2547,604,1,67,NA
9,2548,604,1,65,NA
9,2549,604,1,60,NA
9,2550,604,1,67,NA
9,2551,604,1,66,NA
9,2552,604,1,64,NA
9,2553,604,1,63,NA
9,2554,604,1,67,NA
9,2555,604,1,62,NA
9,2556,604,1,69,NA
9,2557,604,1,68,NA
9,2558,604,1,70,NA
9,2559,604,1,65,NA
9,2560,604,1,68,NA
